Name,Age
Victoria Lane,99
Lisa Long,57
Haley Webb,69
Abigail Williams,59
Jacob Stark DVM,79
Catherine Decker,74
Cynthia Duncan,79
Taylor Dixon,56
Jamie Underwood,92
Randall Ingram,94
Peter Walker,74
David Mullen,83
Megan Bowen,76
Curtis Gonzalez,65
Tyler Romero,76
Reginald Hernandez,68
Lisa Alvarado,76
Lorraine Webster,100
Aaron Cochran,98
Elizabeth Robbins,97
Nicholas Simon,50
Tom Horton,68
Cynthia Diaz,81
Jacqueline Leblanc,60
Cindy Allen,89
Charles Mcgrath,88
Kelly Kelly,51
Andrew Bennett,79
Daniel Sweeney,70
Brandon Johns,53
Gregory Houston,62
Brittany Dunn,79
Leonard Hughes,81
Heather Ray,80
Jasmine Garcia,97
Julia Clay,99
Michael Gomez,79
Jennifer Moore,98
Amy Stevenson,95
Erika Gaines,54
Robert Cole,72
Joshua Edwards,85
Patricia Lee,98
Scott Ramirez,75
Nicole Cooper,71
Johnathan Tran,70
Melissa Lee,56
Stacey Ferguson,86
Kathleen Dillon,61
Andrew Todd,100
Jason Taylor,65
Lauren Golden,71
Chase Pacheco,55
Jeanne Williams DVM,99
Destiny Riggs,58
Sydney Morrison,90
Jason Dougherty,83
Joe Hicks,75
Erin Moore,86
Kevin Castillo,94
Erica Brennan,53
Cory Nguyen,86
Megan Reed,51
Erika Medina,62
Eric Howard,83
Dr. Lisa Garner,59
Angela Brown,88
Jennifer Stephens,98
Joshua Hobbs,63
Monica Bright,79
Betty Daniels,87
Tiffany Branch,73
Mariah Moss,56
Brianna Clark,64
Jennifer Smith,51
Jeffrey Anderson,80
Cynthia Campbell,58
Sara Martinez,90
Roy Singleton,74
Daniel Alvarado,72
Alyssa Young,73
Leslie Powers,67
Nicholas Bell,91
Brandon Gonzalez,80
Dawn Green,98
Jason Smith,70
Craig Rodriguez,96
William Watson,97
Carolyn Bridges,63
Joseph Velasquez,60
Jon Lindsey,79
Teresa Dorsey,88
Henry Jacobson,57
Jacqueline Cox,89
Amy Robinson,59
Richard Todd MD,72
Jaime Sanders DVM,94
Karen Kelly,50
Erica Bernard,97
Jamie Hahn,68
Lori Sherman,62
Anthony Campbell,90
